{
  "reports": [
    {
      "name": "realtime",
      "frequency": "realtime",
      "realtime": true,
      "query": {
        "metrics": [
          {
            "name": "activeUsers"
          },
          {
            "name": "screenPageViews"
          }
        ]
      },
      "meta": {
        "name": "Active users and page views realtime",
        "description": "Number of users currently visiting all sites and the number of page views."
      }
    },
    {
      "name": "realtime-event-counts",
      "frequency": "realtime",
      "realtime": true,
      "query": {
        "dimensions": [
          {
            "name": "eventName"
          }
        ],
        "metrics": [
          {
            "name": "eventCount"
          }
        ]
      },
      "meta": {
        "name": "Number of events of each type realtime",
        "description": "Number of current events for each event name across all sites."
      }
    },
    {
      "name": "total-sessions-30-days",
      "frequency": "daily",
      "query": {
        "metrics": [
          {
            "name": "sessions"
          }
        ],
        "dateRanges": [
          {
            "startDate": "30daysAgo",
            "endDate": "yesterday"
          }
        ]
      },
      "meta": {
        "name": "Sessions in the last 30 days",
        "description": "Total count of visits for all sites in the last 30 days."
      }
    },
    {
      "name": "screen-resolution-30-days",
      "frequency": "daily",
      "slim": true,
      "sumUsersByDimensions": [
        "screen_resolution"
      ],
      "query": {
        "dimensions": [
          {
            "name": "yearMonth"
          },
          {
            "name": "screenResolution"
          }
        ],
        "metrics": [
          {
            "name": "totalUsers"
          }
        ],
        "dateRanges": [
          {
            "startDate": "30daysAgo",
            "endDate": "yesterday"
          }
        ],
        "dimensionFilter": {
          "andGroup": {
            "expressions": [
              {
                "notExpression": {
                  "filter": {
                    "fieldName": "screenResolution",
                    "stringFilter": {
                      "value": "(other)",
                      "caseSensitive": false
                    }
                  }
                }
              },
              {
                "notExpression": {
                  "filter": {
                    "fieldName": "screenResolution",
                    "stringFilter": {
                      "value": "null",
                      "caseSensitive": false
                    }
                  }
                }
              },
              {
                "notExpression": {
                  "filter": {
                    "fieldName": "screenResolution",
                    "stringFilter": {
                      "value": "",
                      "caseSensitive": false
                    }
                  }
                }
              },
              {
                "notExpression": {
                  "filter": {
                    "fieldName": "screenResolution",
                    "stringFilter": {
                      "value": "(not set)",
                      "caseSensitive": false
                    }
                  }
                }
              }
            ]
          }
        },
        "metricFilter": {
          "filter": {
            "fieldName": "totalUsers",
            "numericFilter": {
              "operation": "GREATER_THAN",
              "value": {
                "int64Value": "5"
              }
            }
          }
        },
        "orderBys": [
          {
            "dimension": {
              "dimensionName": "yearMonth"
            },
            "desc": true
          },
          {
            "metric": {
              "metricName": "totalUsers"
            },
            "desc": true
          }
        ],
        "limit": "100000"
      },
      "meta": {
        "name": "Screen Resolution",
        "description": "30 days of screen resolution demographics by user for all sites."
      }
    },
    {
      "name": "screen-resolution-90-days",
      "frequency": "daily",
      "slim": true,
      "sumUsersByDimensions": [
        "screen_resolution"
      ],
      "query": {
        "dimensions": [
          {
            "name": "yearMonth"
          },
          {
            "name": "screenResolution"
          }
        ],
        "metrics": [
          {
            "name": "totalUsers"
          }
        ],
        "dateRanges": [
          {
            "startDate": "90daysAgo",
            "endDate": "yesterday"
          }
        ],
        "dimensionFilter": {
          "andGroup": {
            "expressions": [
              {
                "notExpression": {
                  "filter": {
                    "fieldName": "screenResolution",
                    "stringFilter": {
                      "value": "(other)",
                      "caseSensitive": false
                    }
                  }
                }
              },
              {
                "notExpression": {
                  "filter": {
                    "fieldName": "screenResolution",
                    "stringFilter": {
                      "value": "null",
                      "caseSensitive": false
                    }
                  }
                }
              },
              {
                "notExpression": {
                  "filter": {
                    "fieldName": "screenResolution",
                    "stringFilter": {
                      "value": "",
                      "caseSensitive": false
                    }
                  }
                }
              },
              {
                "notExpression": {
                  "filter": {
                    "fieldName": "screenResolution",
                    "stringFilter": {
                      "value": "(not set)",
                      "caseSensitive": false
                    }
                  }
                }
              }
            ]
          }
        },
        "metricFilter": {
          "filter": {
            "fieldName": "totalUsers",
            "numericFilter": {
              "operation": "GREATER_THAN",
              "value": {
                "int64Value": "5"
              }
            }
          }
        },
        "orderBys": [
          {
            "dimension": {
              "dimensionName": "yearMonth"
            },
            "desc": true
          },
          {
            "metric": {
              "metricName": "totalUsers"
            },
            "desc": true
          }
        ],
        "limit": "100000"
      },
      "meta": {
        "name": "Screen Resolution",
        "description": "90 days of screen resolution demographics by user for all sites."
      }
    },
    {
      "name": "language",
      "frequency": "daily",
      "slim": true,
      "sumUsersByDimensions": [
        "language",
        "language_code"
      ],
      "query": {
        "dimensions": [
          {
            "name": "yearMonth"
          },
          {
            "name": "language"
          },
          {
            "name": "languageCode"
          }
        ],
        "metrics": [
          {
            "name": "totalUsers"
          }
        ],
        "dimensionFilter": {
          "andGroup": {
            "expressions": [
              {
                "notExpression": {
                  "filter": {
                    "fieldName": "language",
                    "stringFilter": {
                      "value": "(other)",
                      "caseSensitive": false
                    }
                  }
                }
              },
              {
                "notExpression": {
                  "filter": {
                    "fieldName": "language",
                    "stringFilter": {
                      "value": "null",
                      "caseSensitive": false
                    }
                  }
                }
              },
              {
                "notExpression": {
                  "filter": {
                    "fieldName": "language",
                    "stringFilter": {
                      "value": "",
                      "caseSensitive": false
                    }
                  }
                }
              },
              {
                "notExpression": {
                  "filter": {
                    "fieldName": "language",
                    "stringFilter": {
                      "value": "(not set)",
                      "caseSensitive": false
                    }
                  }
                }
              },
              {
                "notExpression": {
                  "filter": {
                    "fieldName": "languageCode",
                    "stringFilter": {
                      "value": "(other)",
                      "caseSensitive": false
                    }
                  }
                }
              },
              {
                "notExpression": {
                  "filter": {
                    "fieldName": "languageCode",
                    "stringFilter": {
                      "value": "null",
                      "caseSensitive": false
                    }
                  }
                }
              },
              {
                "notExpression": {
                  "filter": {
                    "fieldName": "languageCode",
                    "stringFilter": {
                      "value": "",
                      "caseSensitive": false
                    }
                  }
                }
              },
              {
                "notExpression": {
                  "filter": {
                    "fieldName": "languageCode",
                    "stringFilter": {
                      "value": "(not set)",
                      "caseSensitive": false
                    }
                  }
                }
              }
            ]
          }
        },
        "metricFilter": {
          "filter": {
            "fieldName": "totalUsers",
            "numericFilter": {
              "operation": "GREATER_THAN",
              "value": {
                "int64Value": "5"
              }
            }
          }
        },
        "dateRanges": [
          {
            "startDate": "90daysAgo",
            "endDate": "yesterday"
          }
        ],
        "orderBys": [
          {
            "dimension": {
              "dimensionName": "yearMonth"
            },
            "desc": true
          },
          {
            "metric": {
              "metricName": "totalUsers"
            },
            "desc": true
          }
        ],
        "limit": "100000"
      },
      "meta": {
        "name": "Browser Language",
        "description": "90 days of browser language demographics by user for all sites."
      }
    },
    {
      "name": "devices",
      "frequency": "daily",
      "slim": true,
      "sumUsersByDimensions": [
        "device"
      ],
      "query": {
        "dimensions": [
          {
            "name": "yearMonth"
          },
          {
            "name": "deviceCategory"
          }
        ],
        "metrics": [
          {
            "name": "totalUsers"
          }
        ],
        "dimensionFilter": {
          "andGroup": {
            "expressions": [
              {
                "notExpression": {
                  "filter": {
                    "fieldName": "deviceCategory",
                    "stringFilter": {
                      "value": "(other)",
                      "caseSensitive": false
                    }
                  }
                }
              },
              {
                "notExpression": {
                  "filter": {
                    "fieldName": "deviceCategory",
                    "stringFilter": {
                      "value": "null",
                      "caseSensitive": false
                    }
                  }
                }
              },
              {
                "notExpression": {
                  "filter": {
                    "fieldName": "deviceCategory",
                    "stringFilter": {
                      "value": "",
                      "caseSensitive": false
                    }
                  }
                }
              },
              {
                "notExpression": {
                  "filter": {
                    "fieldName": "deviceCategory",
                    "stringFilter": {
                      "value": "(not set)",
                      "caseSensitive": false
                    }
                  }
                }
              }
            ]
          }
        },
        "metricFilter": {
          "filter": {
            "fieldName": "totalUsers",
            "numericFilter": {
              "operation": "GREATER_THAN",
              "value": {
                "int64Value": "5"
              }
            }
          }
        },
        "dateRanges": [
          {
            "startDate": "30daysAgo",
            "endDate": "yesterday"
          }
        ],
        "orderBys": [
          {
            "dimension": {
              "dimensionName": "yearMonth"
            },
            "desc": true
          },
          {
            "metric": {
              "metricName": "totalUsers"
            },
            "desc": true
          }
        ],
        "limit": "100000"
      },
      "meta": {
        "name": "Devices",
        "description": "30 days of desktop/mobile/tablet demographics by user for all sites."
      }
    },
    {
      "name": "devices-90-days",
      "frequency": "daily",
      "slim": true,
      "sumUsersByDimensions": [
        "device"
      ],
      "query": {
        "dimensions": [
          {
            "name": "yearMonth"
          },
          {
            "name": "deviceCategory"
          }
        ],
        "metrics": [
          {
            "name": "totalUsers"
          }
        ],
        "dimensionFilter": {
          "andGroup": {
            "expressions": [
              {
                "notExpression": {
                  "filter": {
                    "fieldName": "deviceCategory",
                    "stringFilter": {
                      "value": "(other)",
                      "caseSensitive": false
                    }
                  }
                }
              },
              {
                "notExpression": {
                  "filter": {
                    "fieldName": "deviceCategory",
                    "stringFilter": {
                      "value": "null",
                      "caseSensitive": false
                    }
                  }
                }
              },
              {
                "notExpression": {
                  "filter": {
                    "fieldName": "deviceCategory",
                    "stringFilter": {
                      "value": "",
                      "caseSensitive": false
                    }
                  }
                }
              },
              {
                "notExpression": {
                  "filter": {
                    "fieldName": "deviceCategory",
                    "stringFilter": {
                      "value": "(not set)",
                      "caseSensitive": false
                    }
                  }
                }
              }
            ]
          }
        },
        "metricFilter": {
          "filter": {
            "fieldName": "totalUsers",
            "numericFilter": {
              "operation": "GREATER_THAN",
              "value": {
                "int64Value": "5"
              }
            }
          }
        },
        "dateRanges": [
          {
            "startDate": "90daysAgo",
            "endDate": "yesterday"
          }
        ],
        "orderBys": [
          {
            "dimension": {
              "dimensionName": "yearMonth"
            },
            "desc": true
          },
          {
            "metric": {
              "metricName": "totalUsers"
            },
            "desc": true
          }
        ],
        "limit": "100000"
      },
      "meta": {
        "name": "Devices - 90 days",
        "description": "90 days of desktop/mobile/tablet demographics by user for all sites."
      }
    },
    {
      "name": "device-model",
      "frequency": "daily",
      "slim": true,
      "sumUsersByDimensions": [
        "mobile_device"
      ],
      "query": {
        "dimensions": [
          {
            "name": "yearMonth"
          },
          {
            "name": "mobileDeviceModel"
          }
        ],
        "metrics": [
          {
            "name": "totalUsers"
          }
        ],
        "dimensionFilter": {
          "andGroup": {
            "expressions": [
              {
                "notExpression": {
                  "filter": {
                    "fieldName": "mobileDeviceModel",
                    "stringFilter": {
                      "value": "(other)",
                      "caseSensitive": false
                    }
                  }
                }
              },
              {
                "notExpression": {
                  "filter": {
                    "fieldName": "mobileDeviceModel",
                    "stringFilter": {
                      "value": "null",
                      "caseSensitive": false
                    }
                  }
                }
              },
              {
                "notExpression": {
                  "filter": {
                    "fieldName": "mobileDeviceModel",
                    "stringFilter": {
                      "value": "",
                      "caseSensitive": false
                    }
                  }
                }
              },
              {
                "notExpression": {
                  "filter": {
                    "fieldName": "mobileDeviceModel",
                    "stringFilter": {
                      "value": "(not set)",
                      "caseSensitive": false
                    }
                  }
                }
              }
            ]
          }
        },
        "metricFilter": {
          "filter": {
            "fieldName": "totalUsers",
            "numericFilter": {
              "operation": "GREATER_THAN",
              "value": {
                "int64Value": "5"
              }
            }
          }
        },
        "dateRanges": [
          {
            "startDate": "90daysAgo",
            "endDate": "yesterday"
          }
        ],
        "orderBys": [
          {
            "dimension": {
              "dimensionName": "yearMonth"
            },
            "desc": true
          },
          {
            "metric": {
              "metricName": "totalUsers"
            },
            "desc": true
          }
        ],
        "limit": "100000"
      },
      "meta": {
        "name": "Device Model",
        "description": "90 days of mobile device model demographics by user for all sites."
      }
    },
    {
      "name": "os",
      "frequency": "daily",
      "slim": true,
      "sumUsersByDimensions": [
        "os"
      ],
      "query": {
        "dimensions": [
          {
            "name": "yearMonth"
          },
          {
            "name": "operatingSystem"
          }
        ],
        "metrics": [
          {
            "name": "totalUsers"
          }
        ],
        "dimensionFilter": {
          "andGroup": {
            "expressions": [
              {
                "notExpression": {
                  "filter": {
                    "fieldName": "operatingSystem",
                    "stringFilter": {
                      "value": "(other)",
                      "caseSensitive": false
                    }
                  }
                }
              },
              {
                "notExpression": {
                  "filter": {
                    "fieldName": "operatingSystem",
                    "stringFilter": {
                      "value": "null",
                      "caseSensitive": false
                    }
                  }
                }
              },
              {
                "notExpression": {
                  "filter": {
                    "fieldName": "operatingSystem",
                    "stringFilter": {
                      "value": "",
                      "caseSensitive": false
                    }
                  }
                }
              },
              {
                "notExpression": {
                  "filter": {
                    "fieldName": "operatingSystem",
                    "stringFilter": {
                      "value": "(not set)",
                      "caseSensitive": false
                    }
                  }
                }
              }
            ]
          }
        },
        "metricFilter": {
          "filter": {
            "fieldName": "totalUsers",
            "numericFilter": {
              "operation": "GREATER_THAN",
              "value": {
                "int64Value": "5"
              }
            }
          }
        },
        "dateRanges": [
          {
            "startDate": "30daysAgo",
            "endDate": "yesterday"
          }
        ],
        "orderBys": [
          {
            "dimension": {
              "dimensionName": "yearMonth"
            },
            "desc": true
          },
          {
            "metric": {
              "metricName": "totalUsers"
            },
            "desc": true
          }
        ],
        "limit": "100000"
      },
      "meta": {
        "name": "Operating Systems",
        "description": "30 days of operating system demographics by user for all sites."
      }
    },
    {
      "name": "os-90-days",
      "frequency": "daily",
      "slim": true,
      "sumUsersByDimensions": [
        "os"
      ],
      "query": {
        "dimensions": [
          {
            "name": "yearMonth"
          },
          {
            "name": "operatingSystem"
          }
        ],
        "metrics": [
          {
            "name": "totalUsers"
          }
        ],
        "dimensionFilter": {
          "andGroup": {
            "expressions": [
              {
                "notExpression": {
                  "filter": {
                    "fieldName": "operatingSystem",
                    "stringFilter": {
                      "value": "(other)",
                      "caseSensitive": false
                    }
                  }
                }
              },
              {
                "notExpression": {
                  "filter": {
                    "fieldName": "operatingSystem",
                    "stringFilter": {
                      "value": "null",
                      "caseSensitive": false
                    }
                  }
                }
              },
              {
                "notExpression": {
                  "filter": {
                    "fieldName": "operatingSystem",
                    "stringFilter": {
                      "value": "",
                      "caseSensitive": false
                    }
                  }
                }
              },
              {
                "notExpression": {
                  "filter": {
                    "fieldName": "operatingSystem",
                    "stringFilter": {
                      "value": "(not set)",
                      "caseSensitive": false
                    }
                  }
                }
              }
            ]
          }
        },
        "metricFilter": {
          "filter": {
            "fieldName": "totalUsers",
            "numericFilter": {
              "operation": "GREATER_THAN",
              "value": {
                "int64Value": "5"
              }
            }
          }
        },
        "dateRanges": [
          {
            "startDate": "90daysAgo",
            "endDate": "yesterday"
          }
        ],
        "orderBys": [
          {
            "dimension": {
              "dimensionName": "yearMonth"
            },
            "desc": true
          },
          {
            "metric": {
              "metricName": "totalUsers"
            },
            "desc": true
          }
        ],
        "limit": "100000"
      },
      "meta": {
        "name": "Operating Systems - 90 Days",
        "description": "90 days of operating system demographics by user for all sites."
      }
    },
    {
      "name": "windows",
      "frequency": "daily",
      "slim": true,
      "sumUsersByDimensions": [
        "os_version"
      ],
      "query": {
        "dimensions": [
          {
            "name": "yearMonth"
          },
          {
            "name": "operatingSystemVersion"
          }
        ],
        "metrics": [
          {
            "name": "totalUsers"
          }
        ],
        "dimensionFilter": {
          "andGroup": {
            "expressions": [
              {
                "filter": {
                  "fieldName": "operatingSystem",
                  "stringFilter": {
                    "value": "Windows"
                  }
                }
              },
              {
                "notExpression": {
                  "filter": {
                    "fieldName": "operatingSystemVersion",
                    "stringFilter": {
                      "value": "(other)",
                      "caseSensitive": false
                    }
                  }
                }
              },
              {
                "notExpression": {
                  "filter": {
                    "fieldName": "operatingSystemVersion",
                    "stringFilter": {
                      "value": "null",
                      "caseSensitive": false
                    }
                  }
                }
              },
              {
                "notExpression": {
                  "filter": {
                    "fieldName": "operatingSystemVersion",
                    "stringFilter": {
                      "value": "",
                      "caseSensitive": false
                    }
                  }
                }
              },
              {
                "notExpression": {
                  "filter": {
                    "fieldName": "operatingSystemVersion",
                    "stringFilter": {
                      "value": "(not set)",
                      "caseSensitive": false
                    }
                  }
                }
              }
            ]
          }
        },
        "metricFilter": {
          "filter": {
            "fieldName": "totalUsers",
            "numericFilter": {
              "operation": "GREATER_THAN",
              "value": {
                "int64Value": "5"
              }
            }
          }
        },
        "dateRanges": [
          {
            "startDate": "30daysAgo",
            "endDate": "yesterday"
          }
        ],
        "orderBys": [
          {
            "dimension": {
              "dimensionName": "yearMonth"
            },
            "desc": true
          },
          {
            "metric": {
              "metricName": "totalUsers"
            },
            "desc": true
          }
        ],
        "limit": "100000"
      },
      "meta": {
        "name": "Windows",
        "description": "30 days of Windows users, broken down by operating system version and date, for all sites."
      }
    },
    {
      "name": "windows-90-days",
      "frequency": "daily",
      "slim": true,
      "sumUsersByDimensions": [
        "os_version"
      ],
      "query": {
        "dimensions": [
          {
            "name": "yearMonth"
          },
          {
            "name": "operatingSystemVersion"
          }
        ],
        "metrics": [
          {
            "name": "totalUsers"
          }
        ],
        "dimensionFilter": {
          "andGroup": {
            "expressions": [
              {
                "filter": {
                  "fieldName": "operatingSystem",
                  "stringFilter": {
                    "value": "Windows"
                  }
                }
              },
              {
                "notExpression": {
                  "filter": {
                    "fieldName": "operatingSystemVersion",
                    "stringFilter": {
                      "value": "(other)",
                      "caseSensitive": false
                    }
                  }
                }
              },
              {
                "notExpression": {
                  "filter": {
                    "fieldName": "operatingSystemVersion",
                    "stringFilter": {
                      "value": "null",
                      "caseSensitive": false
                    }
                  }
                }
              },
              {
                "notExpression": {
                  "filter": {
                    "fieldName": "operatingSystemVersion",
                    "stringFilter": {
                      "value": "",
                      "caseSensitive": false
                    }
                  }
                }
              },
              {
                "notExpression": {
                  "filter": {
                    "fieldName": "operatingSystemVersion",
                    "stringFilter": {
                      "value": "(not set)",
                      "caseSensitive": false
                    }
                  }
                }
              }
            ]
          }
        },
        "metricFilter": {
          "filter": {
            "fieldName": "totalUsers",
            "numericFilter": {
              "operation": "GREATER_THAN",
              "value": {
                "int64Value": "5"
              }
            }
          }
        },
        "dateRanges": [
          {
            "startDate": "90daysAgo",
            "endDate": "yesterday"
          }
        ],
        "orderBys": [
          {
            "dimension": {
              "dimensionName": "yearMonth"
            },
            "desc": true
          },
          {
            "metric": {
              "metricName": "totalUsers"
            },
            "desc": true
          }
        ],
        "limit": "100000"
      },
      "meta": {
        "name": "Windows - 90 days",
        "description": "90 days of Windows users, broken down by operating system version and date, for all sites."
      }
    },
    {
      "name": "browsers",
      "frequency": "daily",
      "slim": true,
      "sumUsersByDimensions": [
        "browser"
      ],
      "query": {
        "dimensions": [
          {
            "name": "yearMonth"
          },
          {
            "name": "browser"
          }
        ],
        "metrics": [
          {
            "name": "totalUsers"
          }
        ],
        "dimensionFilter": {
          "andGroup": {
            "expressions": [
              {
                "notExpression": {
                  "filter": {
                    "fieldName": "browser",
                    "stringFilter": {
                      "value": "(other)",
                      "caseSensitive": false
                    }
                  }
                }
              },
              {
                "notExpression": {
                  "filter": {
                    "fieldName": "browser",
                    "stringFilter": {
                      "value": "null",
                      "caseSensitive": false
                    }
                  }
                }
              },
              {
                "notExpression": {
                  "filter": {
                    "fieldName": "browser",
                    "stringFilter": {
                      "value": "",
                      "caseSensitive": false
                    }
                  }
                }
              },
              {
                "notExpression": {
                  "filter": {
                    "fieldName": "browser",
                    "stringFilter": {
                      "value": "(not set)",
                      "caseSensitive": false
                    }
                  }
                }
              }
            ]
          }
        },
        "metricFilter": {
          "filter": {
            "fieldName": "totalUsers",
            "numericFilter": {
              "operation": "GREATER_THAN",
              "value": {
                "int64Value": "5"
              }
            }
          }
        },
        "dateRanges": [
          {
            "startDate": "30daysAgo",
            "endDate": "yesterday"
          }
        ],
        "orderBys": [
          {
            "dimension": {
              "dimensionName": "yearMonth"
            },
            "desc": true
          },
          {
            "metric": {
              "metricName": "totalUsers"
            },
            "desc": true
          }
        ],
        "limit": "100000"
      },
      "meta": {
        "name": "Browsers",
        "description": "30 days of browser demographics by user for all sites."
      }
    },
    {
      "name": "browsers-90-days",
      "frequency": "daily",
      "slim": true,
      "sumUsersByDimensions": [
        "browser"
      ],
      "query": {
        "dimensions": [
          {
            "name": "yearMonth"
          },
          {
            "name": "browser"
          }
        ],
        "metrics": [
          {
            "name": "totalUsers"
          }
        ],
        "dimensionFilter": {
          "andGroup": {
            "expressions": [
              {
                "notExpression": {
                  "filter": {
                    "fieldName": "browser",
                    "stringFilter": {
                      "value": "(other)",
                      "caseSensitive": false
                    }
                  }
                }
              },
              {
                "notExpression": {
                  "filter": {
                    "fieldName": "browser",
                    "stringFilter": {
                      "value": "null",
                      "caseSensitive": false
                    }
                  }
                }
              },
              {
                "notExpression": {
                  "filter": {
                    "fieldName": "browser",
                    "stringFilter": {
                      "value": "",
                      "caseSensitive": false
                    }
                  }
                }
              },
              {
                "notExpression": {
                  "filter": {
                    "fieldName": "browser",
                    "stringFilter": {
                      "value": "(not set)",
                      "caseSensitive": false
                    }
                  }
                }
              }
            ]
          }
        },
        "metricFilter": {
          "filter": {
            "fieldName": "totalUsers",
            "numericFilter": {
              "operation": "GREATER_THAN",
              "value": {
                "int64Value": "5"
              }
            }
          }
        },
        "dateRanges": [
          {
            "startDate": "90daysAgo",
            "endDate": "yesterday"
          }
        ],
        "orderBys": [
          {
            "dimension": {
              "dimensionName": "yearMonth"
            },
            "desc": true
          },
          {
            "metric": {
              "metricName": "totalUsers"
            },
            "desc": true
          }
        ],
        "limit": "100000"
      },
      "meta": {
        "name": "Browsers - 90 days",
        "description": "90 days of browser demographics by user for all sites."
      }
    },
    {
      "name": "os-browsers",
      "frequency": "daily",
      "slim": true,
      "query": {
        "dimensions": [
          {
            "name": "yearMonth"
          },
          {
            "name": "browser"
          },
          {
            "name": "operatingSystem"
          }
        ],
        "metrics": [
          {
            "name": "totalUsers"
          }
        ],
        "dimensionFilter": {
          "andGroup": {
            "expressions": [
              {
                "notExpression": {
                  "filter": {
                    "fieldName": "browser",
                    "stringFilter": {
                      "value": "(other)",
                      "caseSensitive": false
                    }
                  }
                }
              },
              {
                "notExpression": {
                  "filter": {
                    "fieldName": "browser",
                    "stringFilter": {
                      "value": "null",
                      "caseSensitive": false
                    }
                  }
                }
              },
              {
                "notExpression": {
                  "filter": {
                    "fieldName": "browser",
                    "stringFilter": {
                      "value": "",
                      "caseSensitive": false
                    }
                  }
                }
              },
              {
                "notExpression": {
                  "filter": {
                    "fieldName": "browser",
                    "stringFilter": {
                      "value": "(not set)",
                      "caseSensitive": false
                    }
                  }
                }
              },
              {
                "notExpression": {
                  "filter": {
                    "fieldName": "operatingSystem",
                    "stringFilter": {
                      "value": "(other)",
                      "caseSensitive": false
                    }
                  }
                }
              },
              {
                "notExpression": {
                  "filter": {
                    "fieldName": "operatingSystem",
                    "stringFilter": {
                      "value": "null",
                      "caseSensitive": false
                    }
                  }
                }
              },
              {
                "notExpression": {
                  "filter": {
                    "fieldName": "operatingSystem",
                    "stringFilter": {
                      "value": "",
                      "caseSensitive": false
                    }
                  }
                }
              },
              {
                "notExpression": {
                  "filter": {
                    "fieldName": "operatingSystem",
                    "stringFilter": {
                      "value": "(not set)",
                      "caseSensitive": false
                    }
                  }
                }
              }
            ]
          }
        },
        "metricFilter": {
          "filter": {
            "fieldName": "totalUsers",
            "numericFilter": {
              "operation": "GREATER_THAN",
              "value": {
                "int64Value": "5"
              }
            }
          }
        },
        "dateRanges": [
          {
            "startDate": "90daysAgo",
            "endDate": "yesterday"
          }
        ],
        "orderBys": [
          {
            "dimension": {
              "dimensionName": "yearMonth"
            },
            "desc": true
          },
          {
            "metric": {
              "metricName": "totalUsers"
            },
            "desc": true
          }
        ],
        "limit": "100000"
      },
      "meta": {
        "name": "OS-browser combinations",
        "description": "90 days of browser and OS demographics by user for all sites."
      }
    },
    {
      "name": "windows-browsers",
      "frequency": "daily",
      "slim": true,
      "query": {
        "dimensions": [
          {
            "name": "yearMonth"
          },
          {
            "name": "browser"
          },
          {
            "name": "operatingSystemVersion"
          }
        ],
        "metrics": [
          {
            "name": "totalUsers"
          }
        ],
        "dimensionFilter": {
          "andGroup": {
            "expressions": [
              {
                "notExpression": {
                  "filter": {
                    "fieldName": "browser",
                    "stringFilter": {
                      "value": "(other)",
                      "caseSensitive": false
                    }
                  }
                }
              },
              {
                "notExpression": {
                  "filter": {
                    "fieldName": "browser",
                    "stringFilter": {
                      "value": "null",
                      "caseSensitive": false
                    }
                  }
                }
              },
              {
                "notExpression": {
                  "filter": {
                    "fieldName": "browser",
                    "stringFilter": {
                      "value": "",
                      "caseSensitive": false
                    }
                  }
                }
              },
              {
                "notExpression": {
                  "filter": {
                    "fieldName": "browser",
                    "stringFilter": {
                      "value": "(not set)",
                      "caseSensitive": false
                    }
                  }
                }
              },
              {
                "notExpression": {
                  "filter": {
                    "fieldName": "operatingSystemVersion",
                    "stringFilter": {
                      "value": "(other)",
                      "caseSensitive": false
                    }
                  }
                }
              },
              {
                "notExpression": {
                  "filter": {
                    "fieldName": "operatingSystemVersion",
                    "stringFilter": {
                      "value": "null",
                      "caseSensitive": false
                    }
                  }
                }
              },
              {
                "notExpression": {
                  "filter": {
                    "fieldName": "operatingSystemVersion",
                    "stringFilter": {
                      "value": "",
                      "caseSensitive": false
                    }
                  }
                }
              },
              {
                "notExpression": {
                  "filter": {
                    "fieldName": "operatingSystemVersion",
                    "stringFilter": {
                      "value": "(not set)",
                      "caseSensitive": false
                    }
                  }
                }
              },
              {
                "filter": {
                  "fieldName": "operatingSystem",
                  "stringFilter": {
                    "value": "Windows"
                  }
                }
              }
            ]
          }
        },
        "metricFilter": {
          "filter": {
            "fieldName": "totalUsers",
            "numericFilter": {
              "operation": "GREATER_THAN",
              "value": {
                "int64Value": "5"
              }
            }
          }
        },
        "dateRanges": [
          {
            "startDate": "90daysAgo",
            "endDate": "yesterday"
          }
        ],
        "orderBys": [
          {
            "dimension": {
              "dimensionName": "yearMonth"
            },
            "desc": true
          },
          {
            "metric": {
              "metricName": "totalUsers"
            },
            "desc": true
          }
        ],
        "limit": "100000"
      },
      "meta": {
        "name": "Windows-browser combinations",
        "description": "90 days of Windows versions and browser demographics by user for all sites."
      }
    },
    {
      "name": "top-cities-realtime",
      "frequency": "realtime",
      "realtime": true,
      "query": {
        "dimensions": [
          {
            "name": "city"
          }
        ],
        "metrics": [
          {
            "name": "activeUsers"
          }
        ],
        "dimensionFilter": {
          "andGroup": {
            "expressions": [
              {
                "notExpression": {
                  "filter": {
                    "fieldName": "city",
                    "stringFilter": {
                      "value": "(other)",
                      "caseSensitive": false
                    }
                  }
                }
              },
              {
                "notExpression": {
                  "filter": {
                    "fieldName": "city",
                    "stringFilter": {
                      "value": "null",
                      "caseSensitive": false
                    }
                  }
                }
              },
              {
                "notExpression": {
                  "filter": {
                    "fieldName": "city",
                    "stringFilter": {
                      "value": "",
                      "caseSensitive": false
                    }
                  }
                }
              },
              {
                "notExpression": {
                  "filter": {
                    "fieldName": "city",
                    "stringFilter": {
                      "value": "(not set)",
                      "caseSensitive": false
                    }
                  }
                }
              }
            ]
          }
        },
        "orderBys": [
          {
            "metric": {
              "metricName": "activeUsers"
            },
            "desc": true
          }
        ],
        "limit": "100000"
      },
      "meta": {
        "name": "Top Cities (Live)",
        "description": "Top cities for active onsite users."
      }
    },
    {
      "name": "top-countries-realtime",
      "frequency": "realtime",
      "realtime": true,
      "query": {
        "dimensions": [
          {
            "name": "country"
          }
        ],
        "metrics": [
          {
            "name": "activeUsers"
          }
        ],
        "dimensionFilter": {
          "andGroup": {
            "expressions": [
              {
                "notExpression": {
                  "filter": {
                    "fieldName": "country",
                    "stringFilter": {
                      "value": "(other)",
                      "caseSensitive": false
                    }
                  }
                }
              },
              {
                "notExpression": {
                  "filter": {
                    "fieldName": "country",
                    "stringFilter": {
                      "value": "null",
                      "caseSensitive": false
                    }
                  }
                }
              },
              {
                "notExpression": {
                  "filter": {
                    "fieldName": "country",
                    "stringFilter": {
                      "value": "",
                      "caseSensitive": false
                    }
                  }
                }
              },
              {
                "notExpression": {
                  "filter": {
                    "fieldName": "country",
                    "stringFilter": {
                      "value": "(not set)",
                      "caseSensitive": false
                    }
                  }
                }
              }
            ]
          }
        },
        "orderBys": [
          {
            "metric": {
              "metricName": "activeUsers"
            },
            "desc": true
          }
        ],
        "limit": "100000"
      },
      "meta": {
        "name": "Top Countries (Live)",
        "description": "Top countries for active onsite users."
      }
    },
    {
      "name": "top-pages-realtime",
      "frequency": "realtime",
      "realtime": true,
      "query": {
        "dimensions": [
          {
            "name": "unifiedScreenName"
          }
        ],
        "metrics": [
          {
            "name": "activeUsers"
          }
        ],
        "orderBys": [
          {
            "metric": {
              "metricName": "activeUsers"
            },
            "desc": true
          }
        ],
        "dimensionFilter": {
          "andGroup": {
            "expressions": [
              {
                "notExpression": {
                  "filter": {
                    "fieldName": "unifiedScreenName",
                    "stringFilter": {
                      "value": "(other)",
                      "caseSensitive": false
                    }
                  }
                }
              },
              {
                "notExpression": {
                  "filter": {
                    "fieldName": "unifiedScreenName",
                    "stringFilter": {
                      "value": "null",
                      "caseSensitive": false
                    }
                  }
                }
              },
              {
                "notExpression": {
                  "filter": {
                    "fieldName": "unifiedScreenName",
                    "stringFilter": {
                      "value": "",
                      "caseSensitive": false
                    }
                  }
                }
              },
              {
                "notExpression": {
                  "filter": {
                    "fieldName": "unifiedScreenName",
                    "stringFilter": {
                      "matchType": "FULL_REGEXP",
                      "value": "\/(.+)$",
                      "caseSensitive": false
                    }
                  }
                }
              }
            ]
          }
        },
        "limit": "30"
      },
      "meta": {
        "name": "Top Pages (Live)",
        "description": "The top 30 pages, measured by active onsite users, for all sites."
      }
    },
    {
      "name": "top-100000-pages-and-screens-30-days",
      "frequency": "daily",
      "query": {
        "dimensions": [
          {
            "name": "unifiedScreenName"
          },
          {
            "name": "hostName"
          },
          {
            "name": "pagePath"
          }
        ],
        "metrics": [
          {
            "name": "screenPageViews"
          }
        ],
        "orderBys": [
          {
            "metric": {
              "metricName": "screenPageViews"
            },
            "desc": true
          }
        ],
        "dateRanges": [
          {
            "startDate": "30daysAgo",
            "endDate": "yesterday"
          }
        ],
        "dimensionFilter": {
          "andGroup": {
            "expressions": [
              {
                "notExpression": {
                  "filter": {
                    "fieldName": "unifiedScreenName",
                    "stringFilter": {
                      "value": "(other)",
                      "caseSensitive": false
                    }
                  }
                }
              },
              {
                "notExpression": {
                  "filter": {
                    "fieldName": "unifiedScreenName",
                    "stringFilter": {
                      "value": "other",
                      "caseSensitive": false
                    }
                  }
                }
              },
              {
                "notExpression": {
                  "filter": {
                    "fieldName": "unifiedScreenName",
                    "stringFilter": {
                      "value": "(not set)",
                      "caseSensitive": false
                    }
                  }
                }
              },
              {
                "notExpression": {
                  "filter": {
                    "fieldName": "unifiedScreenName",
                    "stringFilter": {
                      "value": "/",
                      "caseSensitive": false
                    }
                  }
                }
              },
              {
                "notExpression": {
                  "filter": {
                    "fieldName": "unifiedScreenName",
                    "stringFilter": {
                      "value": "null",
                      "caseSensitive": false
                    }
                  }
                }
              },
              {
                "notExpression": {
                  "filter": {
                    "fieldName": "unifiedScreenName",
                    "stringFilter": {
                      "value": "",
                      "caseSensitive": false
                    }
                  }
                }
              },
              {
                "notExpression": {
                  "filter": {
                    "fieldName": "unifiedScreenName",
                    "stringFilter": {
                      "matchType": "FULL_REGEXP",
                      "value": "\/(.+)$",
                      "caseSensitive": false
                    }
                  }
                }
              }
            ]
          }
        },
        "limit": "100000"
      },
      "meta": {
        "name": "Top 100000 pages and screens people are viewing (30 days)",
        "description": "The top 100000 pages, measured by active onsite users, for all sites."
      }
    },
    {
      "name": "top-domains-7-days",
      "frequency": "daily",
      "query": {
        "dimensions": [
          {
            "name": "hostName"
          }
        ],
        "metrics": [
          {
            "name": "sessions"
          }
        ],
        "orderBys": [
          {
            "metric": {
              "metricName": "sessions"
            },
            "desc": true
          }
        ],
        "dateRanges": [
          {
            "startDate": "7daysAgo",
            "endDate": "yesterday"
          }
        ],
        "dimensionFilter": {
          "andGroup": {
            "expressions": [
              {
                "notExpression": {
                  "filter": {
                    "fieldName": "hostName",
                    "stringFilter": {
                      "value": "(other)",
                      "caseSensitive": false
                    }
                  }
                }
              },
              {
                "notExpression": {
                  "filter": {
                    "fieldName": "hostName",
                    "stringFilter": {
                      "value": "null",
                      "caseSensitive": false
                    }
                  }
                }
              },
              {
                "notExpression": {
                  "filter": {
                    "fieldName": "hostName",
                    "stringFilter": {
                      "value": "",
                      "caseSensitive": false
                    }
                  }
                }
              }
            ]
          }
        },
        "limit": "30"
      },
      "meta": {
        "name": "Top Domains (7 Days)",
        "description": "Last week's top 30 domains, measured by visits, for all sites."
      }
    },
    {
      "name": "top-domains-30-days",
      "frequency": "daily",
      "query": {
        "dimensions": [
          {
            "name": "hostName"
          }
        ],
        "metrics": [
          {
            "name": "sessions"
          }
        ],
        "dateRanges": [
          {
            "startDate": "30daysAgo",
            "endDate": "yesterday"
          }
        ],
        "orderBys": [
          {
            "metric": {
              "metricName": "sessions"
            },
            "desc": true
          }
        ],
        "dimensionFilter": {
          "andGroup": {
            "expressions": [
              {
                "notExpression": {
                  "filter": {
                    "fieldName": "hostName",
                    "stringFilter": {
                      "value": "(other)",
                      "caseSensitive": false
                    }
                  }
                }
              },
              {
                "notExpression": {
                  "filter": {
                    "fieldName": "hostName",
                    "stringFilter": {
                      "value": "null",
                      "caseSensitive": false
                    }
                  }
                }
              },
              {
                "notExpression": {
                  "filter": {
                    "fieldName": "hostName",
                    "stringFilter": {
                      "value": "",
                      "caseSensitive": false
                    }
                  }
                }
              }
            ]
          }
        },
        "limit": "30"
      },
      "meta": {
        "name": "Top Domains (30 Days)",
        "description": "Last 30 days' top 30 domains, measured by visits, for all sites."
      }
    },
    {
      "name": "top-traffic-sources-30-days",
      "frequency": "daily",
      "query": {
        "dimensions": [
          {
            "name": "sessionDefaultChannelGroup"
          },
          {
            "name": "sessionSourceMedium"
          }
        ],
        "metrics": [
          {
            "name": "sessions"
          }
        ],
        "orderBys": [
          {
            "metric": {
              "metricName": "sessions"
            },
            "desc": true
          }
        ],
        "dateRanges": [
          {
            "startDate": "30daysAgo",
            "endDate": "yesterday"
          }
        ],
        "limit": "20"
      },
      "meta": {
        "name": "Top Traffic Sources (30 Days)",
        "description": "Top 20 traffic sources for the last 30 days, measured by visits, for all sites."
      }
    },
    {
      "name": "top-session-channel-group-30-days",
      "frequency": "daily",
      "slim": true,
      "sumVisitsByDimensions": [
        "session_default_channel_group"
      ],
      "query": {
        "dimensions": [
          {
            "name": "sessionDefaultChannelGroup"
          }
        ],
        "metrics": [
          {
            "name": "sessions"
          }
        ],
        "orderBys": [
          {
            "metric": {
              "metricName": "sessions"
            },
            "desc": true
          }
        ],
        "dateRanges": [
          {
            "startDate": "30daysAgo",
            "endDate": "yesterday"
          }
        ],
        "dimensionFilter": {
          "andGroup": {
            "expressions": [
              {
                "notExpression": {
                  "filter": {
                    "fieldName": "sessionDefaultChannelGroup",
                    "stringFilter": {
                      "value": "unassigned",
                      "caseSensitive": false
                    }
                  }
                }
              },
              {
                "notExpression": {
                  "filter": {
                    "fieldName": "sessionDefaultChannelGroup",
                    "stringFilter": {
                      "value": "paid other",
                      "caseSensitive": false
                    }
                  }
                }
              },
              {
                "notExpression": {
                  "filter": {
                    "fieldName": "sessionDefaultChannelGroup",
                    "stringFilter": {
                      "value": "(other)",
                      "caseSensitive": false
                    }
                  }
                }
              }
            ]
          }
        },
        "limit": "20"
      },
      "meta": {
        "name": "Top Session Default Channel Groups (30 Days)",
        "description": "Top 20 channel groups that initiated a session for the last 30 days, measured by visits, for all sites."
      }
    },
    {
      "name": "top-session-source-medium-30-days",
      "frequency": "daily",
      "slim": true,
      "sumVisitsByDimensions": [
        "session_source_medium"
      ],
      "query": {
        "dimensions": [
          {
            "name": "sessionSourceMedium"
          }
        ],
        "metrics": [
          {
            "name": "sessions"
          }
        ],
        "orderBys": [
          {
            "metric": {
              "metricName": "sessions"
            },
            "desc": true
          }
        ],
        "dateRanges": [
          {
            "startDate": "30daysAgo",
            "endDate": "yesterday"
          }
        ],
        "dimensionFilter": {
          "andGroup": {
            "expressions": [
              {
                "notExpression": {
                  "filter": {
                    "fieldName": "sessionSourceMedium",
                    "stringFilter": {
                      "value": "(not set)",
                      "caseSensitive": false
                    }
                  }
                }
              },
              {
                "notExpression": {
                  "filter": {
                    "fieldName": "sessionSourceMedium",
                    "stringFilter": {
                      "value": "other / email",
                      "caseSensitive": false
                    }
                  }
                }
              },
              {
                "notExpression": {
                  "filter": {
                    "fieldName": "sessionSourceMedium",
                    "stringFilter": {
                      "value": "expected / email",
                      "caseSensitive": false
                    }
                  }
                }
              },
              {
                "notExpression": {
                  "filter": {
                    "fieldName": "sessionSourceMedium",
                    "stringFilter": {
                      "value": "outfordelivery / email",
                      "caseSensitive": false
                    }
                  }
                }
              },
              {
                "notExpression": {
                  "filter": {
                    "fieldName": "sessionSourceMedium",
                    "stringFilter": {
                      "value": "(other)",
                      "caseSensitive": false
                    }
                  }
                }
              }
            ]
          }
        },
        "limit": "20"
      },
      "meta": {
        "name": "Top Session Sources (30 Days)",
        "description": "Top 20 sources that initiated a session for the last 30 days, measured by visits, for all sites."
      }
    },
    {
      "name": "engagement-rate-30-days",
      "frequency": "daily",
      "slim": false,
      "query": {
        "metrics": [
          {
            "name": "engagementRate"
          }
        ],
        "dateRanges": [
          {
            "startDate": "30daysAgo",
            "endDate": "yesterday"
          }
        ]
      },
      "meta": {
        "name": "Engagement rate (30 Days)",
        "description": "Percent of sessions where the user was engaged over the past 30 days."
      }
    },
    {
      "name": "engagement-duration-30-days",
      "frequency": "daily",
      "slim": false,
      "query": {
        "metrics": [
          {
            "name": "userEngagementDuration"
          },
          {
            "name": "sessions"
          }
        ],
        "dateRanges": [
          {
            "startDate": "30daysAgo",
            "endDate": "yesterday"
          }
        ]
      },
      "meta": {
        "name": "User engagement duration (30 Days)",
        "description": "The number of seconds that users were engaged with all sites and the total number of sessions for the past 30 days."
      }
    },
    {
      "name": "top-downloads-yesterday",
      "frequency": "daily",
      "query": {
        "dimensions": [
          {
            "name": "pageTitle"
          },
          {
            "name": "fullPageUrl"
          },
          {
            "name": "linkUrl"
          }
        ],
        "metrics": [
          {
            "name": "eventCount"
          }
        ],
        "dateRanges": [
          {
            "startDate": "yesterday",
            "endDate": "yesterday"
          }
        ],
        "orderBys": [
          {
            "metric": {
              "metricName": "eventCount"
            },
            "desc": true
          }
        ],
        "dimensionFilter": {
          "filter": {
            "fieldName": "eventName",
            "stringFilter": {
              "matchType": "FULL_REGEXP",
              "value": "^(file_download|download|downloads|(outbound downloads))$",
              "caseSensitive": false
            }
          },
          "andGroup": {
            "expressions": [
              {
                "notExpression": {
                  "filter": {
                    "fieldName": "fileName",
                    "stringFilter": {
                      "matchType": "PARTIAL_REGEXP",
                      "value": ".*\\\\.(zip|doc)\\b.*",
                      "caseSensitive": false
                    }
                  }
                }
              },
              {
                "notExpression": {
                  "filter": {
                    "fieldName": "fullPageUrl",
                    "stringFilter": {
                      "matchType": "PARTIAL_REGEXP",
                      "value": ".*\\busps\\.com\\b.*",
                      "caseSensitive": false
                    }
                  }
                }
              },
              {
                "notExpression": {
                  "filter": {
                    "fieldName": "pageTitle",
                    "stringFilter": {
                      "value": "(other)",
                      "caseSensitive": false
                    }
                  }
                }
              },
              {
                "notExpression": {
                  "filter": {
                    "fieldName": "pageTitle",
                    "stringFilter": {
                      "value": "null",
                      "caseSensitive": false
                    }
                  }
                }
              },
              {
                "notExpression": {
                  "filter": {
                    "fieldName": "pageTitle",
                    "stringFilter": {
                      "value": "",
                      "caseSensitive": false
                    }
                  }
                }
              },
              {
                "notExpression": {
                  "filter": {
                    "fieldName": "pageTitle",
                    "stringFilter": {
                      "value": "(not set)",
                      "caseSensitive": false
                    }
                  }
                }
              }
            ]
          }
        },
        "limit": "100"
      },
      "meta": {
        "name": "Top Downloads Yesterday",
        "description": "Top 100 downloads yesterday"
      }
    },
    {
      "name": "top-downloads-7-days",
      "frequency": "daily",
      "query": {
        "dimensions": [
          {
            "name": "pageTitle"
          },
          {
            "name": "fullPageUrl"
          },
          {
            "name": "linkUrl"
          }
        ],
        "metrics": [
          {
            "name": "eventCount"
          }
        ],
        "dateRanges": [
          {
            "startDate": "7daysAgo",
            "endDate": "yesterday"
          }
        ],
        "orderBys": [
          {
            "metric": {
              "metricName": "eventCount"
            },
            "desc": true
          }
        ],
        "dimensionFilter": {
          "filter": {
            "fieldName": "eventName",
            "stringFilter": {
              "matchType": "FULL_REGEXP",
              "value": "^(file_download|download|downloads|(outbound downloads))$",
              "caseSensitive": false
            }
          },
          "andGroup": {
            "expressions": [
              {
                "notExpression": {
                  "filter": {
                    "fieldName": "fileName",
                    "stringFilter": {
                      "matchType": "PARTIAL_REGEXP",
                      "value": ".*\\\\.(zip|doc)\\b.*",
                      "caseSensitive": false
                    }
                  }
                }
              },
              {
                "notExpression": {
                  "filter": {
                    "fieldName": "fullPageUrl",
                    "stringFilter": {
                      "matchType": "PARTIAL_REGEXP",
                      "value": ".*\\busps\\.com\\b.*",
                      "caseSensitive": false
                    }
                  }
                }
              },
              {
                "notExpression": {
                  "filter": {
                    "fieldName": "pageTitle",
                    "stringFilter": {
                      "value": "(other)",
                      "caseSensitive": false
                    }
                  }
                }
              },
              {
                "notExpression": {
                  "filter": {
                    "fieldName": "pageTitle",
                    "stringFilter": {
                      "value": "null",
                      "caseSensitive": false
                    }
                  }
                }
              },
              {
                "notExpression": {
                  "filter": {
                    "fieldName": "pageTitle",
                    "stringFilter": {
                      "value": "",
                      "caseSensitive": false
                    }
                  }
                }
              },
              {
                "notExpression": {
                  "filter": {
                    "fieldName": "pageTitle",
                    "stringFilter": {
                      "value": "(not set)",
                      "caseSensitive": false
                    }
                  }
                }
              }
            ]
          }
        },
        "limit": "100"
      },
      "meta": {
        "name": "Top Downloads (7 Days)",
        "description": "Top 100 downloads in the last 7 days."
      }
    },
    {
      "name": "top-downloads-30-days",
      "frequency": "daily",
      "query": {
        "dimensions": [
          {
            "name": "pageTitle"
          },
          {
            "name": "fullPageUrl"
          },
          {
            "name": "linkUrl"
          }
        ],
        "metrics": [
          {
            "name": "eventCount"
          }
        ],
        "dateRanges": [
          {
            "startDate": "30daysAgo",
            "endDate": "yesterday"
          }
        ],
        "orderBys": [
          {
            "metric": {
              "metricName": "eventCount"
            },
            "desc": true
          }
        ],
        "dimensionFilter": {
          "filter": {
            "fieldName": "eventName",
            "stringFilter": {
              "matchType": "FULL_REGEXP",
              "value": "^(file_download|download|downloads|(outbound downloads))$",
              "caseSensitive": false
            }
          },
          "andGroup": {
            "expressions": [
              {
                "notExpression": {
                  "filter": {
                    "fieldName": "fileName",
                    "stringFilter": {
                      "matchType": "PARTIAL_REGEXP",
                      "value": ".*\\\\.(zip|doc)\\b.*",
                      "caseSensitive": false
                    }
                  }
                }
              },
              {
                "notExpression": {
                  "filter": {
                    "fieldName": "fullPageUrl",
                    "stringFilter": {
                      "matchType": "PARTIAL_REGEXP",
                      "value": ".*\\busps\\.com\\b.*",
                      "caseSensitive": false
                    }
                  }
                }
              },
              {
                "notExpression": {
                  "filter": {
                    "fieldName": "pageTitle",
                    "stringFilter": {
                      "value": "(other)",
                      "caseSensitive": false
                    }
                  }
                }
              },
              {
                "notExpression": {
                  "filter": {
                    "fieldName": "pageTitle",
                    "stringFilter": {
                      "value": "null",
                      "caseSensitive": false
                    }
                  }
                }
              },
              {
                "notExpression": {
                  "filter": {
                    "fieldName": "pageTitle",
                    "stringFilter": {
                      "value": "",
                      "caseSensitive": false
                    }
                  }
                }
              },
              {
                "notExpression": {
                  "filter": {
                    "fieldName": "pageTitle",
                    "stringFilter": {
                      "value": "(not set)",
                      "caseSensitive": false
                    }
                  }
                }
              }
            ]
          }
        },
        "limit": "100"
      },
      "meta": {
        "name": "Top Downloads (30 Days)",
        "description": "Top 100 downloads in the last 30 days."
      }
    },
    {
      "name": "top-download-file-extensions-30-days",
      "frequency": "daily",
      "sumTotalEventsByDimensions": [
        "file_extension"
      ],
      "query": {
        "dimensions": [
          {
            "name": "fileExtension"
          }
        ],
        "metrics": [
          {
            "name": "eventCount"
          }
        ],
        "dateRanges": [
          {
            "startDate": "30daysAgo",
            "endDate": "yesterday"
          }
        ],
        "orderBys": [
          {
            "metric": {
              "metricName": "eventCount"
            },
            "desc": true
          }
        ],
        "dimensionFilter": {
          "filter": {
            "fieldName": "eventName",
            "stringFilter": {
              "matchType": "FULL_REGEXP",
              "value": "^(file_download|download|downloads|(outbound downloads))$",
              "caseSensitive": false
            }
          }
        },
        "limit": "100"
      },
      "meta": {
        "name": "Top Downloaded File Extensions (30 Days)",
        "description": "Top 100 downloaded file extensions in the last 30 days."
      }
    },
    {
      "name": "users-with-file-downloads-30-days",
      "frequency": "daily",
      "query": {
        "dimensions": [
          {
            "name": "eventName"
          }
        ],
        "metrics": [
          {
            "name": "totalUsers"
          }
        ],
        "dateRanges": [
          {
            "startDate": "30daysAgo",
            "endDate": "yesterday"
          }
        ],
        "orderBys": [
          {
            "metric": {
              "metricName": "totalUsers"
            },
            "desc": true
          }
        ],
        "dimensionFilter": {
          "filter": {
            "fieldName": "eventName",
            "stringFilter": {
              "matchType": "FULL_REGEXP",
              "value": "^(file_download|download|downloads|(outbound downloads))$",
              "caseSensitive": false
            }
          }
        }
      },
      "meta": {
        "name": "Users with File Downloads (30 Days)",
        "description": "Count of total users with file download events in the last 30 days."
      }
    },
    {
      "name": "all-pages-realtime",
      "frequency": "realtime",
      "realtime": true,
      "query": {
        "dimensions": [
          {
            "name": "unifiedScreenName"
          }
        ],
        "metrics": [
          {
            "name": "activeUsers"
          }
        ],
        "orderBys": [
          {
            "metric": {
              "metricName": "activeUsers"
            },
            "desc": true
          }
        ],
        "dimensionFilter": {
          "andGroup": {
            "expressions": [
              {
                "notExpression": {
                  "filter": {
                    "fieldName": "unifiedScreenName",
                    "stringFilter": {
                      "value": "(other)",
                      "caseSensitive": false
                    }
                  }
                }
              },
              {
                "notExpression": {
                  "filter": {
                    "fieldName": "unifiedScreenName",
                    "stringFilter": {
                      "value": "null",
                      "caseSensitive": false
                    }
                  }
                }
              },
              {
                "notExpression": {
                  "filter": {
                    "fieldName": "unifiedScreenName",
                    "stringFilter": {
                      "value": "",
                      "caseSensitive": false
                    }
                  }
                }
              }
            ]
          }
        },
        "limit": "100000"
      },
      "meta": {
        "name": "All Pages (Live)",
        "description": "Pages, measured by active onsite users, for all sites."
      }
    },
    {
      "name": "top-100000-domains-30-days",
      "frequency": "daily",
      "query": {
        "dimensions": [
          {
            "name": "hostName"
          }
        ],
        "metrics": [
          {
            "name": "screenPageViews"
          },
          {
            "name": "sessions"
          }
        ],
        "orderBys": [
          {
            "metric": {
              "metricName": "screenPageViews"
            },
            "desc": true
          }
        ],
        "dateRanges": [
          {
            "startDate": "30daysAgo",
            "endDate": "yesterday"
          }
        ],
        "dimensionFilter": {
          "andGroup": {
            "expressions": [
              {
                "notExpression": {
                  "filter": {
                    "fieldName": "hostname",
                    "stringFilter": {
                      "value": "(other)",
                      "caseSensitive": false
                    }
                  }
                }
              },
              {
                "notExpression": {
                  "filter": {
                    "fieldName": "hostname",
                    "stringFilter": {
                      "value": "null",
                      "caseSensitive": false
                    }
                  }
                }
              },
              {
                "notExpression": {
                  "filter": {
                    "fieldName": "hostname",
                    "stringFilter": {
                      "value": "",
                      "caseSensitive": false
                    }
                  }
                }
              }
            ]
          }
        },
        "limit": "100000"
      },
      "meta": {
        "name": "Top 100000 Domains (30 Days)",
        "description": "Last 30 days' domains, measured by page views and sessions, for the top 10000 sites."
      }
    },
    {
      "name": "users-30-days",
      "frequency": "daily",
      "slim": true,
      "query": {
        "metrics": [
          {
            "name": "totalUsers"
          }
        ],
        "dateRanges": [
          {
            "startDate": "30daysAgo",
            "endDate": "yesterday"
          }
        ]
      },
      "meta": {
        "name": "Total users",
        "description": "Total distinct users for all sites in the last 30 days."
      }
    },
    {
      "name": "page-views-30-days",
      "frequency": "daily",
      "query": {
        "metrics": [
          {
            "name": "screenPageViews"
          }
        ],
        "dateRanges": [
          {
            "startDate": "30daysAgo",
            "endDate": "yesterday"
          }
        ]
      },
      "meta": {
        "name": "Total page views",
        "description": "Total app screens or web pages viewed for all sites in the last 30 days."
      }
    },
    {
      "name": "daily-sessions-30-days",
      "frequency": "daily",
      "query": {
        "dimensions": [
          {
            "name": "date"
          }
        ],
        "metrics": [
          {
            "name": "sessions"
          }
        ],
        "dateRanges": [
          {
            "startDate": "30daysAgo",
            "endDate": "yesterday"
          }
        ],
        "orderBys": [
          {
            "dimension": {
              "orderType": "NUMERIC",
              "dimensionName": "date"
            }
          }
        ]
      },
      "meta": {
        "name": "Daily sessions over 30 days",
        "description": "Visits for all sites broken down by day over 30 days."
      }
    },
    {
      "name": "top-video-plays-yesterday",
      "frequency": "daily",
      "query": {
        "dimensions": [
          {
            "name": "eventName"
          },
          {
            "name": "videoTitle"
          },
          {
            "name": "videoUrl"
          }
        ],
        "metrics": [
          {
            "name": "eventCount"
          }
        ],
        "dateRanges": [
          {
            "startDate": "yesterday",
            "endDate": "yesterday"
          }
        ],
        "orderBys": [
          {
            "metric": {
              "metricName": "eventCount"
            },
            "desc": true
          }
        ],
        "dimensionFilter": {
          "filter": {
            "fieldName": "eventName",
            "stringFilter": {
              "value": "video_start",
              "caseSensitive": false
            }
          },
          "andGroup": {
            "expressions": [
              {
                "notExpression": {
                  "filter": {
                    "fieldName": "videoTitle",
                    "stringFilter": {
                      "value": "(other)",
                      "caseSensitive": false
                    }
                  }
                }
              },
              {
                "notExpression": {
                  "filter": {
                    "fieldName": "videoTitle",
                    "stringFilter": {
                      "value": "null",
                      "caseSensitive": false
                    }
                  }
                }
              },
              {
                "notExpression": {
                  "filter": {
                    "fieldName": "videoTitle",
                    "stringFilter": {
                      "value": "",
                      "caseSensitive": false
                    }
                  }
                }
              }
            ]
          }
        },
        "limit": "100"
      },
      "meta": {
        "name": "Top video plays yesterday",
        "description": "Top 100 video plays yesterday"
      }
    },
    {
      "name": "top-video-plays-7-days",
      "frequency": "daily",
      "query": {
        "dimensions": [
          {
            "name": "eventName"
          },
          {
            "name": "videoTitle"
          },
          {
            "name": "videoUrl"
          }
        ],
        "metrics": [
          {
            "name": "eventCount"
          }
        ],
        "dateRanges": [
          {
            "startDate": "7daysAgo",
            "endDate": "yesterday"
          }
        ],
        "orderBys": [
          {
            "metric": {
              "metricName": "eventCount"
            },
            "desc": true
          }
        ],
        "dimensionFilter": {
          "filter": {
            "fieldName": "eventName",
            "stringFilter": {
              "value": "video_start",
              "caseSensitive": false
            }
          },
          "andGroup": {
            "expressions": [
              {
                "notExpression": {
                  "filter": {
                    "fieldName": "videoTitle",
                    "stringFilter": {
                      "value": "(other)",
                      "caseSensitive": false
                    }
                  }
                }
              },
              {
                "notExpression": {
                  "filter": {
                    "fieldName": "videoTitle",
                    "stringFilter": {
                      "value": "null",
                      "caseSensitive": false
                    }
                  }
                }
              },
              {
                "notExpression": {
                  "filter": {
                    "fieldName": "videoTitle",
                    "stringFilter": {
                      "value": "",
                      "caseSensitive": false
                    }
                  }
                }
              }
            ]
          }
        },
        "limit": "100"
      },
      "meta": {
        "name": "Top video plays 7 days",
        "description": "Top 100 video plays in the last 7 days"
      }
    },
    {
      "name": "top-video-plays-30-days",
      "frequency": "daily",
      "query": {
        "dimensions": [
          {
            "name": "eventName"
          },
          {
            "name": "videoTitle"
          },
          {
            "name": "videoUrl"
          }
        ],
        "metrics": [
          {
            "name": "eventCount"
          }
        ],
        "dateRanges": [
          {
            "startDate": "30daysAgo",
            "endDate": "yesterday"
          }
        ],
        "orderBys": [
          {
            "metric": {
              "metricName": "eventCount"
            },
            "desc": true
          }
        ],
        "dimensionFilter": {
          "filter": {
            "fieldName": "eventName",
            "stringFilter": {
              "value": "video_start",
              "caseSensitive": false
            }
          },
          "andGroup": {
            "expressions": [
              {
                "notExpression": {
                  "filter": {
                    "fieldName": "videoTitle",
                    "stringFilter": {
                      "value": "(other)",
                      "caseSensitive": false
                    }
                  }
                }
              },
              {
                "notExpression": {
                  "filter": {
                    "fieldName": "videoTitle",
                    "stringFilter": {
                      "value": "null",
                      "caseSensitive": false
                    }
                  }
                }
              },
              {
                "notExpression": {
                  "filter": {
                    "fieldName": "videoTitle",
                    "stringFilter": {
                      "value": "",
                      "caseSensitive": false
                    }
                  }
                }
              }
            ]
          }
        },
        "limit": "100"
      },
      "meta": {
        "name": "Top video plays 30 days",
        "description": "Top 100 video plays in the last 30 days"
      }
    },
    {
      "name": "top-user-engagement-events-30-days",
      "frequency": "daily",
      "sumTotalEventsByDimensions": [
        "event_label"
      ],
      "query": {
        "dimensions": [
          {
            "name": "eventName"
          }
        ],
        "metrics": [
          {
            "name": "eventCount"
          },
          {
            "name": "totalUsers"
          }
        ],
        "dateRanges": [
          {
            "startDate": "30daysAgo",
            "endDate": "yesterday"
          }
        ],
        "orderBys": [
          {
            "metric": {
              "metricName": "eventCount"
            },
            "desc": true
          }
        ],
        "dimensionFilter": {
          "andGroup": {
            "expressions": [
              {
                "notExpression": {
                  "filter": {
                    "fieldName": "eventName",
                    "stringFilter": {
                      "value": "dap_event",
                      "caseSensitive": false
                    }
                  }
                }
              },
              {
                "notExpression": {
                  "filter": {
                    "fieldName": "eventName",
                    "stringFilter": {
                      "value": "session_start",
                      "caseSensitive": false
                    }
                  }
                }
              },
              {
                "notExpression": {
                  "filter": {
                    "fieldName": "eventName",
                    "stringFilter": {
                      "value": "custom",
                      "caseSensitive": false
                    }
                  }
                }
              },
              {
                "notExpression": {
                  "filter": {
                    "fieldName": "eventName",
                    "stringFilter": {
                      "value": "first_visit",
                      "caseSensitive": false
                    }
                  }
                }
              },
              {
                "notExpression": {
                  "filter": {
                    "fieldName": "eventName",
                    "stringFilter": {
                      "value": "user_engagement",
                      "caseSensitive": false
                    }
                  }
                }
              },
              {
                "notExpression": {
                  "filter": {
                    "fieldName": "eventName",
                    "stringFilter": {
                      "value": "(other)",
                      "caseSensitive": false
                    }
                  }
                }
              },
              {
                "notExpression": {
                  "filter": {
                    "fieldName": "eventName",
                    "stringFilter": {
                      "value": "other",
                      "caseSensitive": false
                    }
                  }
                }
              }
            ]
          }
        },
        "limit": "100"
      },
      "meta": {
        "name": "Top User Engagement Events (30 Days)",
        "description": "Top 100 user engagement events in the last 30 days."
      }
    }
  ]
}
